,Year,variable,value
0,1990,Meningitis,2151887.0
1,1991,Meningitis,2144306.0
2,1992,Meningitis,2145080.0
3,1993,Meningitis,2133428.0
4,1994,Meningitis,2111686.0
5,1995,Meningitis,2098182.0
6,1996,Meningitis,2143021.0
7,1997,Meningitis,2062444.0
8,1998,Meningitis,2022090.0
9,1999,Meningitis,1995790.0
10,2000,Meningitis,1967953.0
11,2001,Meningitis,1929865.0
12,2002,Meningitis,1865148.0
13,2003,Meningitis,1826874.0
14,2004,Meningitis,1785347.0
15,2005,Meningitis,1743706.0
16,2006,Meningitis,1720102.0
17,2007,Meningitis,1681577.0
18,2008,Meningitis,1623779.0
19,2009,Meningitis,1589376.0
20,2010,Meningitis,1545082.0
21,2011,Meningitis,1516484.0
22,2012,Meningitis,1479859.0
23,2013,Meningitis,1458208.0
24,2014,Meningitis,1435767.0
25,2015,Meningitis,1402317.0
26,2016,Meningitis,1391201.0
27,2017,Meningitis,1355438.0
28,1990,Lower_resp_infections,15892107.0
29,1991,Lower_resp_infections,15761704.0
30,1992,Lower_resp_infections,15615504.0
31,1993,Lower_resp_infections,15453587.0
32,1994,Lower_resp_infections,15240803.0
33,1995,Lower_resp_infections,15060983.0
34,1996,Lower_resp_infections,14819725.0
35,1997,Lower_resp_infections,14645465.0
36,1998,Lower_resp_infections,14435140.0
37,1999,Lower_resp_infections,14169812.0
38,2000,Lower_resp_infections,13912048.0
39,2001,Lower_resp_infections,13615253.0
40,2002,Lower_resp_infections,13376462.0
41,2003,Lower_resp_infections,13181997.0
42,2004,Lower_resp_infections,12946653.0
43,2005,Lower_resp_infections,12804586.0
44,2006,Lower_resp_infections,12644102.0
45,2007,Lower_resp_infections,12527120.0
46,2008,Lower_resp_infections,12456876.0
47,2009,Lower_resp_infections,12383542.0
48,2010,Lower_resp_infections,12315869.0
49,2011,Lower_resp_infections,12287623.0
50,2012,Lower_resp_infections,12244069.0
51,2013,Lower_resp_infections,12183996.0
52,2014,Lower_resp_infections,12148599.0
53,2015,Lower_resp_infections,12176363.0
54,2016,Lower_resp_infections,12158734.0
55,2017,Lower_resp_infections,12098314.0
56,1990,Intestinal_infections,886151.0
57,1991,Intestinal_infections,885740.0
58,1992,Intestinal_infections,885513.0
59,1993,Intestinal_infections,882550.0
60,1994,Intestinal_infections,882192.0
61,1995,Intestinal_infections,874545.0
62,1996,Intestinal_infections,863389.0
63,1997,Intestinal_infections,853560.0
64,1998,Intestinal_infections,841978.0
65,1999,Intestinal_infections,831408.0
66,2000,Intestinal_infections,820755.0
67,2001,Intestinal_infections,809159.0
68,2002,Intestinal_infections,797130.0
69,2003,Intestinal_infections,785099.0
70,2004,Intestinal_infections,772716.0
71,2005,Intestinal_infections,762328.0
72,2006,Intestinal_infections,750650.0
73,2007,Intestinal_infections,739422.0
74,2008,Intestinal_infections,727992.0
75,2009,Intestinal_infections,716866.0
76,2010,Intestinal_infections,702299.0
77,2011,Intestinal_infections,696969.0
78,2012,Intestinal_infections,689561.0
79,2013,Intestinal_infections,681116.0
80,2014,Intestinal_infections,672597.0
81,2015,Intestinal_infections,660028.0
82,2016,Intestinal_infections,644638.0
83,2017,Intestinal_infections,0.0
84,1990,Protein_energy_malnutrition,2389406.0
85,1991,Protein_energy_malnutrition,2362549.0
86,1992,Protein_energy_malnutrition,2323065.0
87,1993,Protein_energy_malnutrition,2282316.0
88,1994,Protein_energy_malnutrition,2253640.0
89,1995,Protein_energy_malnutrition,2598487.0
90,1996,Protein_energy_malnutrition,2522626.0
91,1997,Protein_energy_malnutrition,2465489.0
92,1998,Protein_energy_malnutrition,2406871.0
93,1999,Protein_energy_malnutrition,2355162.0
94,2000,Protein_energy_malnutrition,2315002.0
95,2001,Protein_energy_malnutrition,2241177.0
96,2002,Protein_energy_malnutrition,2168444.0
97,2003,Protein_energy_malnutrition,1709053.0
98,2004,Protein_energy_malnutrition,1646525.0
99,2005,Protein_energy_malnutrition,1589941.0
100,2006,Protein_energy_malnutrition,1541397.0
101,2007,Protein_energy_malnutrition,1493884.0
102,2008,Protein_energy_malnutrition,1451380.0
103,2009,Protein_energy_malnutrition,1419669.0
104,2010,Protein_energy_malnutrition,1436097.0
105,2011,Protein_energy_malnutrition,1385052.0
106,2012,Protein_energy_malnutrition,1291887.0
107,2013,Protein_energy_malnutrition,1244512.0
108,2014,Protein_energy_malnutrition,1204701.0
109,2015,Protein_energy_malnutrition,1175408.0
110,2016,Protein_energy_malnutrition,1142581.0
111,2017,Protein_energy_malnutrition,1121801.0
112,1990,Terrorism,21444.0
113,1991,Terrorism,25287.0
114,1992,Terrorism,29226.0
115,1993,Terrorism,0.0
116,1994,Terrorism,23070.0
117,1995,Terrorism,18309.0
118,1996,Terrorism,20898.0
119,1997,Terrorism,32772.0
120,1998,Terrorism,14064.0
121,1999,Terrorism,10179.0
122,2000,Terrorism,13209.0
123,2001,Terrorism,23187.0
124,2002,Terrorism,14415.0
125,2003,Terrorism,9951.0
126,2004,Terrorism,17229.0
127,2005,Terrorism,18993.0
128,2006,Terrorism,28140.0
129,2007,Terrorism,38472.0
130,2008,Terrorism,27471.0
131,2009,Terrorism,27819.0
132,2010,Terrorism,23481.0
133,2011,Terrorism,24738.0
134,2012,Terrorism,46491.0
135,2013,Terrorism,66819.0
136,2014,Terrorism,133470.0
137,2015,Terrorism,116559.0
138,2016,Terrorism,104613.0
139,2017,Terrorism,79335.0
140,1990,Cardiovascular,57609997.0
141,1991,Cardiovascular,58434167.0
142,1992,Cardiovascular,59463394.0
143,1993,Cardiovascular,61239750.0
144,1994,Cardiovascular,62335630.0
145,1995,Cardiovascular,62855986.0
146,1996,Cardiovascular,63009761.0
147,1997,Cardiovascular,63338390.0
148,1998,Cardiovascular,63804340.0
149,1999,Cardiovascular,64875595.0
150,2000,Cardiovascular,65815754.0
151,2001,Cardiovascular,66599518.0
152,2002,Cardiovascular,67937292.0
153,2003,Cardiovascular,69115058.0
154,2004,Cardiovascular,69137768.0
155,2005,Cardiovascular,70045338.0
156,2006,Cardiovascular,69639725.0
157,2007,Cardiovascular,70196786.0
158,2008,Cardiovascular,71661678.0
159,2009,Cardiovascular,72848803.0
160,2010,Cardiovascular,74425737.0
161,2011,Cardiovascular,75492848.0
162,2012,Cardiovascular,76652389.0
163,2013,Cardiovascular,77397897.0
164,2014,Cardiovascular,79001594.0
165,2015,Cardiovascular,81441313.0
166,2016,Cardiovascular,83221470.0
167,2017,Cardiovascular,84454689.0
168,1990,Alzheimer & dementias,5023309.0
169,1991,Alzheimer & dementias,5208248.0
170,1992,Alzheimer & dementias,5379306.0
171,1993,Alzheimer & dementias,5576329.0
172,1994,Alzheimer & dementias,5745968.0
173,1995,Alzheimer & dementias,5920162.0
174,1996,Alzheimer & dementias,6076580.0
175,1997,Alzheimer & dementias,6235347.0
176,1998,Alzheimer & dementias,6413549.0
177,1999,Alzheimer & dementias,6608618.0
178,2000,Alzheimer & dementias,6793230.0
179,2001,Alzheimer & dementias,6997826.0
180,2002,Alzheimer & dementias,7231588.0
181,2003,Alzheimer & dementias,7467930.0
182,2004,Alzheimer & dementias,7647034.0
183,2005,Alzheimer & dementias,7909689.0
184,2006,Alzheimer & dementias,8144883.0
185,2007,Alzheimer & dementias,8433962.0
186,2008,Alzheimer & dementias,8778200.0
187,2009,Alzheimer & dementias,9130467.0
188,2010,Alzheimer & dementias,9520266.0
189,2011,Alzheimer & dementias,9916063.0
190,2012,Alzheimer & dementias,10277577.0
191,2013,Alzheimer & dementias,10618294.0
192,2014,Alzheimer & dementias,11027668.0
193,2015,Alzheimer & dementias,11512649.0
194,2016,Alzheimer & dementias,11929862.0
195,2017,Alzheimer & dementias,12288558.0
196,1990,Chronic_kidney,2891298.0
197,1991,Chronic_kidney,2945019.0
198,1992,Chronic_kidney,3020244.0
199,1993,Chronic_kidney,3089101.0
200,1994,Chronic_kidney,3152976.0
201,1995,Chronic_kidney,3220822.0
202,1996,Chronic_kidney,3288849.0
203,1997,Chronic_kidney,3380261.0
204,1998,Chronic_kidney,3474142.0
205,1999,Chronic_kidney,3566427.0
206,2000,Chronic_kidney,3660377.0
207,2001,Chronic_kidney,3741485.0
208,2002,Chronic_kidney,3845088.0
209,2003,Chronic_kidney,3951912.0
210,2004,Chronic_kidney,4016153.0
211,2005,Chronic_kidney,4134347.0
212,2006,Chronic_kidney,4221381.0
213,2007,Chronic_kidney,4335200.0
214,2008,Chronic_kidney,4490136.0
215,2009,Chronic_kidney,4650924.0
216,2010,Chronic_kidney,4806049.0
217,2011,Chronic_kidney,4961935.0
218,2012,Chronic_kidney,5103953.0
219,2013,Chronic_kidney,5244189.0
220,2014,Chronic_kidney,5405347.0
221,2015,Chronic_kidney,5586455.0
222,2016,Chronic_kidney,5732913.0
223,2017,Chronic_kidney,5792928.0
224,1990,Chronic_resp,15488441.0
225,1991,Chronic_resp,15780013.0
226,1992,Chronic_resp,16057518.0
227,1993,Chronic_resp,16292842.0
228,1994,Chronic_resp,16468491.0
229,1995,Chronic_resp,16565478.0
230,1996,Chronic_resp,16669207.0
231,1997,Chronic_resp,16860137.0
232,1998,Chronic_resp,16976090.0
233,1999,Chronic_resp,16821995.0
234,2000,Chronic_resp,16727801.0
235,2001,Chronic_resp,16600004.0
236,2002,Chronic_resp,16555026.0
237,2003,Chronic_resp,16490593.0
238,2004,Chronic_resp,16158493.0
239,2005,Chronic_resp,15952331.0
240,2006,Chronic_resp,15716540.0
241,2007,Chronic_resp,15711451.0
242,2008,Chronic_resp,15870399.0
243,2009,Chronic_resp,16085495.0
244,2010,Chronic_resp,16310305.0
245,2011,Chronic_resp,16427443.0
246,2012,Chronic_resp,16434422.0
247,2013,Chronic_resp,16478292.0
248,2014,Chronic_resp,16769576.0
249,2015,Chronic_resp,17229407.0
250,2016,Chronic_resp,17618129.0
251,2017,Chronic_resp,18019275.0
252,1990,Cirrhosis & chronic_liver,4284911.0
253,1991,Cirrhosis & chronic_liver,4384799.0
254,1992,Cirrhosis & chronic_liver,4480509.0
255,1993,Cirrhosis & chronic_liver,4576891.0
256,1994,Cirrhosis & chronic_liver,4662181.0
257,1995,Cirrhosis & chronic_liver,4742929.0
258,1996,Cirrhosis & chronic_liver,4791909.0
259,1997,Cirrhosis & chronic_liver,4844730.0
260,1998,Cirrhosis & chronic_liver,4886575.0
261,1999,Cirrhosis & chronic_liver,4939495.0
262,2000,Cirrhosis & chronic_liver,4998867.0
263,2001,Cirrhosis & chronic_liver,5063378.0
264,2002,Cirrhosis & chronic_liver,5135351.0
265,2003,Cirrhosis & chronic_liver,5212136.0
266,2004,Cirrhosis & chronic_liver,5267504.0
267,2005,Cirrhosis & chronic_liver,5355190.0
268,2006,Cirrhosis & chronic_liver,5409069.0
269,2007,Cirrhosis & chronic_liver,5462170.0
270,2008,Cirrhosis & chronic_liver,5539773.0
271,2009,Cirrhosis & chronic_liver,5596291.0
272,2010,Cirrhosis & chronic_liver,5656558.0
273,2011,Cirrhosis & chronic_liver,5705182.0
274,2012,Cirrhosis & chronic_liver,5760176.0
275,2013,Cirrhosis & chronic_liver,5811054.0
276,2014,Cirrhosis & chronic_liver,5897096.0
277,2015,Cirrhosis & chronic_liver,6011793.0
278,2016,Cirrhosis & chronic_liver,6131260.0
279,2017,Cirrhosis & chronic_liver,6243636.0
280,1990,Digestive,8144600.0
281,1991,Digestive,8296169.0
282,1992,Digestive,8439705.0
283,1993,Digestive,8567845.0
284,1994,Digestive,8673168.0
285,1995,Digestive,8770053.0
286,1996,Digestive,8823728.0
287,1997,Digestive,8898939.0
288,1998,Digestive,8963770.0
289,1999,Digestive,9039479.0
290,2000,Digestive,9119334.0
291,2001,Digestive,9206433.0
292,2002,Digestive,9310159.0
293,2003,Digestive,9419010.0
294,2004,Digestive,9489068.0
295,2005,Digestive,9616037.0
296,2006,Digestive,9694503.0
297,2007,Digestive,9783843.0
298,2008,Digestive,9910691.0
299,2009,Digestive,10009254.0
300,2010,Digestive,10118380.0
301,2011,Digestive,10225216.0
302,2012,Digestive,10335488.0
303,2013,Digestive,10445699.0
304,2014,Digestive,10620576.0
305,2015,Digestive,10840260.0
306,2016,Digestive,11054920.0
307,2017,Digestive,11250096.0
308,1990,Hepatitis,649280.0
309,1991,Hepatitis,655923.0
310,1992,Hepatitis,660409.0
311,1993,Hepatitis,662967.0
312,1994,Hepatitis,661303.0
313,1995,Hepatitis,661210.0
314,1996,Hepatitis,656634.0
315,1997,Hepatitis,659745.0
316,1998,Hepatitis,660302.0
317,1999,Hepatitis,658886.0
318,2000,Hepatitis,657765.0
319,2001,Hepatitis,655828.0
320,2002,Hepatitis,648471.0
321,2003,Hepatitis,638899.0
322,2004,Hepatitis,635833.0
323,2005,Hepatitis,640855.0
324,2006,Hepatitis,621025.0
325,2007,Hepatitis,609266.0
326,2008,Hepatitis,604262.0
327,2009,Hepatitis,596213.0
328,2010,Hepatitis,592101.0
329,2011,Hepatitis,587577.0
330,2012,Hepatitis,581327.0
331,2013,Hepatitis,569257.0
332,2014,Hepatitis,559211.0
333,2015,Hepatitis,550588.0
334,2016,Hepatitis,550002.0
335,2017,Hepatitis,548896.0
336,1990,Neoplasms,28159926.0
337,1991,Neoplasms,28784012.0
338,1992,Neoplasms,29406877.0
339,1993,Neoplasms,30205421.0
340,1994,Neoplasms,30778962.0
341,1995,Neoplasms,31312994.0
342,1996,Neoplasms,31667600.0
343,1997,Neoplasms,32029966.0
344,1998,Neoplasms,32546740.0
345,1999,Neoplasms,33184101.0
346,2000,Neoplasms,33715160.0
347,2001,Neoplasms,34183223.0
348,2002,Neoplasms,34808760.0
349,2003,Neoplasms,35454763.0
350,2004,Neoplasms,35786143.0
351,2005,Neoplasms,36272091.0
352,2006,Neoplasms,36495184.0
353,2007,Neoplasms,37082395.0
354,2008,Neoplasms,37902053.0
355,2009,Neoplasms,38686650.0
356,2010,Neoplasms,39502361.0
357,2011,Neoplasms,40275918.0
358,2012,Neoplasms,41072001.0
359,2013,Neoplasms,41812093.0
360,2014,Neoplasms,42969314.0
361,2015,Neoplasms,44426366.0
362,2016,Neoplasms,45560427.0
363,2017,Neoplasms,46278910.0
364,1990,Parkinson,721389.0
365,1991,Parkinson,742686.0
366,1992,Parkinson,762865.0
367,1993,Parkinson,788225.0
368,1994,Parkinson,809325.0
369,1995,Parkinson,831683.0
370,1996,Parkinson,852586.0
371,1997,Parkinson,876152.0
372,1998,Parkinson,903542.0
373,1999,Parkinson,933195.0
374,2000,Parkinson,962956.0
375,2001,Parkinson,995912.0
376,2002,Parkinson,1034436.0
377,2003,Parkinson,1073161.0
378,2004,Parkinson,1095928.0
379,2005,Parkinson,1130518.0
380,2006,Parkinson,1157702.0
381,2007,Parkinson,1195611.0
382,2008,Parkinson,1243427.0
383,2009,Parkinson,1290044.0
384,2010,Parkinson,1337030.0
385,2011,Parkinson,1381052.0
386,2012,Parkinson,1421581.0
387,2013,Parkinson,1456172.0
388,2014,Parkinson,1501555.0
389,2015,Parkinson,1559233.0
390,2016,Parkinson,1606378.0
391,2017,Parkinson,1644755.0
392,1990,Fire_heat_&_hot_substances,681794.0
393,1991,Fire_heat_&_hot_substances,684947.0
394,1992,Fire_heat_&_hot_substances,690454.0
395,1993,Fire_heat_&_hot_substances,699795.0
396,1994,Fire_heat_&_hot_substances,704666.0
397,1995,Fire_heat_&_hot_substances,697591.0
398,1996,Fire_heat_&_hot_substances,683134.0
399,1997,Fire_heat_&_hot_substances,677104.0
400,1998,Fire_heat_&_hot_substances,664567.0
401,1999,Fire_heat_&_hot_substances,667017.0
402,2000,Fire_heat_&_hot_substances,668306.0
403,2001,Fire_heat_&_hot_substances,660655.0
404,2002,Fire_heat_&_hot_substances,653511.0
405,2003,Fire_heat_&_hot_substances,651626.0
406,2004,Fire_heat_&_hot_substances,638248.0
407,2005,Fire_heat_&_hot_substances,635907.0
408,2006,Fire_heat_&_hot_substances,619205.0
409,2007,Fire_heat_&_hot_substances,610510.0
410,2008,Fire_heat_&_hot_substances,604305.0
411,2009,Fire_heat_&_hot_substances,597612.0
412,2010,Fire_heat_&_hot_substances,593573.0
413,2011,Fire_heat_&_hot_substances,585472.0
414,2012,Fire_heat_&_hot_substances,579078.0
415,2013,Fire_heat_&_hot_substances,571690.0
416,2014,Fire_heat_&_hot_substances,565680.0
417,2015,Fire_heat_&_hot_substances,565601.0
418,2016,Fire_heat_&_hot_substances,564200.0
419,2017,Fire_heat_&_hot_substances,561057.0
420,1990,Malaria,3263775.0
421,1991,Malaria,3365587.0
422,1992,Malaria,3458467.0
423,1993,Malaria,3548028.0
424,1994,Malaria,3615646.0
425,1995,Malaria,3705788.0
426,1996,Malaria,3784778.0
427,1997,Malaria,3884970.0
428,1998,Malaria,3983870.0
429,1999,Malaria,4076870.0
430,2000,Malaria,4162985.0
431,2001,Malaria,4328592.0
432,2002,Malaria,4462061.0
433,2003,Malaria,4578238.0
434,2004,Malaria,4581234.0
435,2005,Malaria,4545292.0
436,2006,Malaria,4463191.0
437,2007,Malaria,4394299.0
438,2008,Malaria,4292242.0
439,2009,Malaria,4083831.0
440,2010,Malaria,3870623.0
441,2011,Malaria,3707522.0
442,2012,Malaria,3563424.0
443,2013,Malaria,3485967.0
444,2014,Malaria,3409964.0
445,2015,Malaria,3245226.0
446,2016,Malaria,3064208.0
447,2017,Malaria,3036340.0
448,1990,Drowning,2480551.0
449,1991,Drowning,2476121.0
450,1992,Drowning,2480770.0
451,1993,Drowning,2492432.0
452,1994,Drowning,2477371.0
453,1995,Drowning,2448195.0
454,1996,Drowning,2380994.0
455,1997,Drowning,2319407.0
456,1998,Drowning,2253506.0
457,1999,Drowning,2184790.0
458,2000,Drowning,2125919.0
459,2001,Drowning,2041398.0
460,2002,Drowning,1939251.0
461,2003,Drowning,1842524.0
462,2004,Drowning,1802795.0
463,2005,Drowning,1766317.0
464,2006,Drowning,1692711.0
465,2007,Drowning,1648978.0
466,2008,Drowning,1627367.0
467,2009,Drowning,1600345.0
468,2010,Drowning,1575766.0
469,2011,Drowning,1542927.0
470,2012,Drowning,1517645.0
471,2013,Drowning,1481817.0
472,2014,Drowning,1451402.0
473,2015,Drowning,1431133.0
474,2016,Drowning,1411535.0
475,2017,Drowning,1374108.0
476,1990,Interpersonal_violence,1705551.0
477,1991,Interpersonal_violence,1764535.0
478,1992,Interpersonal_violence,1874795.0
479,1993,Interpersonal_violence,2027202.0
480,1994,Interpersonal_violence,2049861.0
481,1995,Interpersonal_violence,2066549.0
482,1996,Interpersonal_violence,2042999.0
483,1997,Interpersonal_violence,2034253.0
484,1998,Interpersonal_violence,2050999.0
485,1999,Interpersonal_violence,2099218.0
486,2000,Interpersonal_violence,2151467.0
487,2001,Interpersonal_violence,2127491.0
488,2002,Interpersonal_violence,2163888.0
489,2003,Interpersonal_violence,2084749.0
490,2004,Interpersonal_violence,2056530.0
491,2005,Interpersonal_violence,2025898.0
492,2006,Interpersonal_violence,1990686.0
493,2007,Interpersonal_violence,1944723.0
494,2008,Interpersonal_violence,1960553.0
495,2009,Interpersonal_violence,1962841.0
496,2010,Interpersonal_violence,1971764.0
497,2011,Interpersonal_violence,1954222.0
498,2012,Interpersonal_violence,1967381.0
499,2013,Interpersonal_violence,1939689.0
500,2014,Interpersonal_violence,1913797.0
501,2015,Interpersonal_violence,1926486.0
502,2016,Interpersonal_violence,1902918.0
503,2017,Interpersonal_violence,1957194.0
504,1990,HIV/AIDS,1741436.0
505,1991,HIV/AIDS,2208229.0
506,1992,HIV/AIDS,2737822.0
507,1993,HIV/AIDS,3312717.0
508,1994,HIV/AIDS,3922851.0
509,1995,HIV/AIDS,4545887.0
510,1996,HIV/AIDS,5108943.0
511,1997,HIV/AIDS,5628169.0
512,1998,HIV/AIDS,6237990.0
513,1999,HIV/AIDS,6907567.0
514,2000,HIV/AIDS,7569338.0
515,2001,HIV/AIDS,8110087.0
516,2002,HIV/AIDS,8620124.0
517,2003,HIV/AIDS,9065351.0
518,2004,HIV/AIDS,9378987.0
519,2005,HIV/AIDS,9563179.0
520,2006,HIV/AIDS,9580520.0
521,2007,HIV/AIDS,9417495.0
522,2008,HIV/AIDS,9057819.0
523,2009,HIV/AIDS,8651138.0
524,2010,HIV/AIDS,8118380.0
525,2011,HIV/AIDS,7543219.0
526,2012,HIV/AIDS,6962143.0
527,2013,HIV/AIDS,6390074.0
528,2014,HIV/AIDS,5910483.0
529,2015,HIV/AIDS,5517304.0
530,2016,HIV/AIDS,5128886.0
531,2017,HIV/AIDS,4700124.0
532,1990,Drug use,345465.0
533,1991,Drug use,374343.0
534,1992,Drug use,406814.0
535,1993,Drug use,434065.0
536,1994,Drug use,459333.0
537,1995,Drug use,478270.0
538,1996,Drug use,486126.0
539,1997,Drug use,488227.0
540,1998,Drug use,493762.0
541,1999,Drug use,497238.0
542,2000,Drug use,500293.0
543,2001,Drug use,483187.0
544,2002,Drug use,475871.0
545,2003,Drug use,468560.0
546,2004,Drug use,471339.0
547,2005,Drug use,492721.0
548,2006,Drug use,496746.0
549,2007,Drug use,503956.0
550,2008,Drug use,521195.0
551,2009,Drug use,533568.0
552,2010,Drug use,552907.0
553,2011,Drug use,569958.0
554,2012,Drug use,591551.0
555,2013,Drug use,626896.0
556,2014,Drug use,668791.0
557,2015,Drug use,717200.0
558,2016,Drug use,776325.0
559,2017,Drug use,809735.0
560,1990,Tuberculosis,7323385.0
561,1991,Tuberculosis,7339896.0
562,1992,Tuberculosis,7399774.0
563,1993,Tuberculosis,7389025.0
564,1994,Tuberculosis,7381038.0
565,1995,Tuberculosis,7348594.0
566,1996,Tuberculosis,7304157.0
567,1997,Tuberculosis,7366524.0
568,1998,Tuberculosis,7386357.0
569,1999,Tuberculosis,7369665.0
570,2000,Tuberculosis,7366574.0
571,2001,Tuberculosis,7255872.0
572,2002,Tuberculosis,7134253.0
573,2003,Tuberculosis,6971978.0
574,2004,Tuberculosis,6762167.0
575,2005,Tuberculosis,6647686.0
576,2006,Tuberculosis,6487683.0
577,2007,Tuberculosis,6349137.0
578,2008,Tuberculosis,6248590.0
579,2009,Tuberculosis,6129193.0
580,2010,Tuberculosis,6004885.0
581,2011,Tuberculosis,5888089.0
582,2012,Tuberculosis,5761746.0
583,2013,Tuberculosis,5658128.0
584,2014,Tuberculosis,5578774.0
585,2015,Tuberculosis,5515020.0
586,2016,Tuberculosis,5463650.0
587,2017,Tuberculosis,5388766.0
588,1990,Road_injuries,5452027.0
589,1991,Road_injuries,5506691.0
590,1992,Road_injuries,5610175.0
591,1993,Road_injuries,5716362.0
592,1994,Road_injuries,5815812.0
593,1995,Road_injuries,5894731.0
594,1996,Road_injuries,5896282.0
595,1997,Road_injuries,5914254.0
596,1998,Road_injuries,5931112.0
597,1999,Road_injuries,6000733.0
598,2000,Road_injuries,6052309.0
599,2001,Road_injuries,6018338.0
600,2002,Road_injuries,6015086.0
601,2003,Road_injuries,5979382.0
602,2004,Road_injuries,5997964.0
603,2005,Road_injuries,6037679.0
604,2006,Road_injuries,6002376.0
605,2007,Road_injuries,6018103.0
606,2008,Road_injuries,6062589.0
607,2009,Road_injuries,6073841.0
608,2010,Road_injuries,6064863.0
609,2011,Road_injuries,6028469.0
610,2012,Road_injuries,5993067.0
611,2013,Road_injuries,5901380.0
612,2014,Road_injuries,5878197.0
613,2015,Road_injuries,5842365.0
614,2016,Road_injuries,5830981.0
615,2017,Road_injuries,5785098.0
616,1990,Maternal_disorders,1455873.0
617,1991,Maternal_disorders,1443721.0
618,1992,Maternal_disorders,1462544.0
619,1993,Maternal_disorders,1440054.0
620,1994,Maternal_disorders,1426965.0
621,1995,Maternal_disorders,1421745.0
622,1996,Maternal_disorders,1399784.0
623,1997,Maternal_disorders,1399460.0
624,1998,Maternal_disorders,1399511.0
625,1999,Maternal_disorders,1391290.0
626,2000,Maternal_disorders,1374271.0
627,2001,Maternal_disorders,1331970.0
628,2002,Maternal_disorders,1291126.0
629,2003,Maternal_disorders,1244878.0
630,2004,Maternal_disorders,1216248.0
631,2005,Maternal_disorders,1203121.0
632,2006,Maternal_disorders,1177815.0
633,2007,Maternal_disorders,1153981.0
634,2008,Maternal_disorders,1133334.0
635,2009,Maternal_disorders,1119165.0
636,2010,Maternal_disorders,1101240.0
637,2011,Maternal_disorders,1064834.0
638,2012,Maternal_disorders,1011139.0
639,2013,Maternal_disorders,973558.0
640,2014,Maternal_disorders,945848.0
641,2015,Maternal_disorders,917235.0
642,2016,Maternal_disorders,902511.0
643,2017,Maternal_disorders,891254.0
644,1990,Neonatal_disorders,13407464.0
645,1991,Neonatal_disorders,13301403.0
646,1992,Neonatal_disorders,13188310.0
647,1993,Neonatal_disorders,13041286.0
648,1994,Neonatal_disorders,12830257.0
649,1995,Neonatal_disorders,12668420.0
650,1996,Neonatal_disorders,12473073.0
651,1997,Neonatal_disorders,12369297.0
652,1998,Neonatal_disorders,12257551.0
653,1999,Neonatal_disorders,12097957.0
654,2000,Neonatal_disorders,11935028.0
655,2001,Neonatal_disorders,11747472.0
656,2002,Neonatal_disorders,11562695.0
657,2003,Neonatal_disorders,11419492.0
658,2004,Neonatal_disorders,11225689.0
659,2005,Neonatal_disorders,11032828.0
660,2006,Neonatal_disorders,10817790.0
661,2007,Neonatal_disorders,10594679.0
662,2008,Neonatal_disorders,10389259.0
663,2009,Neonatal_disorders,10187384.0
664,2010,Neonatal_disorders,9976877.0
665,2011,Neonatal_disorders,9759672.0
666,2012,Neonatal_disorders,9533771.0
667,2013,Neonatal_disorders,9272300.0
668,2014,Neonatal_disorders,9008440.0
669,2015,Neonatal_disorders,8729382.0
670,2016,Neonatal_disorders,8412323.0
671,2017,Neonatal_disorders,8109311.0
672,1990,Alcohol_use,548876.0
673,1991,Alcohol_use,581650.0
674,1992,Alcohol_use,640981.0
675,1993,Alcohol_use,730625.0
676,1994,Alcohol_use,797722.0
677,1995,Alcohol_use,804341.0
678,1996,Alcohol_use,780692.0
679,1997,Alcohol_use,757748.0
680,1998,Alcohol_use,757445.0
681,1999,Alcohol_use,792694.0
682,2000,Alcohol_use,827064.0
683,2001,Alcohol_use,850399.0
684,2002,Alcohol_use,878864.0
685,2003,Alcohol_use,901781.0
686,2004,Alcohol_use,911032.0
687,2005,Alcohol_use,935178.0
688,2006,Alcohol_use,899726.0
689,2007,Alcohol_use,878973.0
690,2008,Alcohol_use,877345.0
691,2009,Alcohol_use,851592.0
692,2010,Alcohol_use,846536.0
693,2011,Alcohol_use,828089.0
694,2012,Alcohol_use,823357.0
695,2013,Alcohol_use,827728.0
696,2014,Alcohol_use,840488.0
697,2015,Alcohol_use,863025.0
698,2016,Alcohol_use,878089.0
699,2017,Alcohol_use,893356.0
700,1990,Exposure_to_forces,207980.0
701,1991,Exposure_to_forces,605611.0
702,1992,Exposure_to_forces,53136.0
703,1993,Exposure_to_forces,91534.0
704,1994,Exposure_to_forces,53861.0
705,1995,Exposure_to_forces,97646.0
706,1996,Exposure_to_forces,65410.0
707,1997,Exposure_to_forces,80073.0
708,1998,Exposure_to_forces,204243.0
709,1999,Exposure_to_forces,317655.0
710,2000,Exposure_to_forces,37430.0
711,2001,Exposure_to_forces,123237.0
712,2002,Exposure_to_forces,39178.0
713,2003,Exposure_to_forces,145785.0
714,2004,Exposure_to_forces,1168885.0
715,2005,Exposure_to_forces,355311.0
716,2006,Exposure_to_forces,81175.0
717,2007,Exposure_to_forces,68293.0
718,2008,Exposure_to_forces,1171539.0
719,2009,Exposure_to_forces,43819.0
720,2010,Exposure_to_forces,1221360.0
721,2011,Exposure_to_forces,157478.0
722,2012,Exposure_to_forces,30915.0
723,2013,Exposure_to_forces,87238.0
724,2014,Exposure_to_forces,30339.0
725,2015,Exposure_to_forces,62298.0
726,2016,Exposure_to_forces,34359.0
727,2017,Exposure_to_forces,44411.0
728,1990,Diarrheal,11466819.0
729,1991,Diarrheal,11389514.0
730,1992,Diarrheal,11169129.0
731,1993,Diarrheal,10962743.0
732,1994,Diarrheal,10763839.0
733,1995,Diarrheal,10545254.0
734,1996,Diarrheal,10269821.0
735,1997,Diarrheal,10072074.0
736,1998,Diarrheal,9911431.0
737,1999,Diarrheal,9701450.0
738,2000,Diarrheal,9505689.0
739,2001,Diarrheal,9278461.0
740,2002,Diarrheal,9060060.0
741,2003,Diarrheal,8856165.0
742,2004,Diarrheal,8693515.0
743,2005,Diarrheal,8578594.0
744,2006,Diarrheal,8520975.0
745,2007,Diarrheal,8418561.0
746,2008,Diarrheal,8350607.0
747,2009,Diarrheal,8339957.0
748,2010,Diarrheal,8298804.0
749,2011,Diarrheal,8002536.0
750,2012,Diarrheal,7693162.0
751,2013,Diarrheal,7420134.0
752,2014,Diarrheal,7219389.0
753,2015,Diarrheal,7035842.0
754,2016,Diarrheal,6915843.0
755,2017,Diarrheal,6993449.0
756,1990,Environmental_heat & cold_expo,278891.0
757,1991,Environmental_heat & cold_expo,287187.0
758,1992,Environmental_heat & cold_expo,302137.0
759,1993,Environmental_heat & cold_expo,332322.0
760,1994,Environmental_heat & cold_expo,353784.0
761,1995,Environmental_heat & cold_expo,355644.0
762,1996,Environmental_heat & cold_expo,334768.0
763,1997,Environmental_heat & cold_expo,318338.0
764,1998,Environmental_heat & cold_expo,322878.0
765,1999,Environmental_heat & cold_expo,317214.0
766,2000,Environmental_heat & cold_expo,321620.0
767,2001,Environmental_heat & cold_expo,326667.0
768,2002,Environmental_heat & cold_expo,335088.0
769,2003,Environmental_heat & cold_expo,364439.0
770,2004,Environmental_heat & cold_expo,322499.0
771,2005,Environmental_heat & cold_expo,331871.0
772,2006,Environmental_heat & cold_expo,309352.0
773,2007,Environmental_heat & cold_expo,292179.0
774,2008,Environmental_heat & cold_expo,286990.0
775,2009,Environmental_heat & cold_expo,279379.0
776,2010,Environmental_heat & cold_expo,560634.0
777,2011,Environmental_heat & cold_expo,270183.0
778,2012,Environmental_heat & cold_expo,271056.0
779,2013,Environmental_heat & cold_expo,261808.0
780,2014,Environmental_heat & cold_expo,258526.0
781,2015,Environmental_heat & cold_expo,268676.0
782,2016,Environmental_heat & cold_expo,254174.0
783,2017,Environmental_heat & cold_expo,250394.0
784,1990,Nutritional_deficiencies,2638718.0
785,1991,Nutritional_deficiencies,2608679.0
786,1992,Nutritional_deficiencies,2567676.0
787,1993,Nutritional_deficiencies,2523095.0
788,1994,Nutritional_deficiencies,2491568.0
789,1995,Nutritional_deficiencies,2833306.0
790,1996,Nutritional_deficiencies,2749521.0
791,1997,Nutritional_deficiencies,2689849.0
792,1998,Nutritional_deficiencies,2627839.0
793,1999,Nutritional_deficiencies,2570482.0
794,2000,Nutritional_deficiencies,2528427.0
795,2001,Nutritional_deficiencies,2446953.0
796,2002,Nutritional_deficiencies,2366805.0
797,2003,Nutritional_deficiencies,1901708.0
798,2004,Nutritional_deficiencies,1833771.0
799,2005,Nutritional_deficiencies,1774606.0
800,2006,Nutritional_deficiencies,1723514.0
801,2007,Nutritional_deficiencies,1674359.0
802,2008,Nutritional_deficiencies,1632508.0
803,2009,Nutritional_deficiencies,1600867.0
804,2010,Nutritional_deficiencies,1619035.0
805,2011,Nutritional_deficiencies,1563827.0
806,2012,Nutritional_deficiencies,1467192.0
807,2013,Nutritional_deficiencies,1416015.0
808,2014,Nutritional_deficiencies,1375104.0
809,2015,Nutritional_deficiencies,1345529.0
810,2016,Nutritional_deficiencies,1311555.0
811,2017,Nutritional_deficiencies,1289735.0
812,1990,Self-harm,3598347.0
813,1991,Self-harm,3690376.0
814,1992,Self-harm,3825829.0
815,1993,Self-harm,3957836.0
816,1994,Self-harm,4051405.0
817,1995,Self-harm,4088342.0
818,1996,Self-harm,4030607.0
819,1997,Self-harm,3993048.0
820,1998,Self-harm,3969328.0
821,1999,Self-harm,3978744.0
822,2000,Self-harm,3931352.0
823,2001,Self-harm,3801939.0
824,2002,Self-harm,3742636.0
825,2003,Self-harm,3752065.0
826,2004,Self-harm,3762165.0
827,2005,Self-harm,3796768.0
828,2006,Self-harm,3725675.0
829,2007,Self-harm,3690888.0
830,2008,Self-harm,3707016.0
831,2009,Self-harm,3708549.0
832,2010,Self-harm,3725353.0
833,2011,Self-harm,3708556.0
834,2012,Self-harm,3672290.0
835,2013,Self-harm,3639858.0
836,2014,Self-harm,3652179.0
837,2015,Self-harm,3663149.0
838,2016,Self-harm,3687302.0
839,2017,Self-harm,3710315.0
840,1990,Conflict & terrorism,487038.0
841,1991,Conflict & terrorism,412490.0
842,1992,Conflict & terrorism,297020.0
843,1993,Conflict & terrorism,307898.0
844,1994,Conflict & terrorism,2822526.0
845,1995,Conflict & terrorism,314473.0
846,1996,Conflict & terrorism,418535.0
847,1997,Conflict & terrorism,602307.0
848,1998,Conflict & terrorism,540360.0
849,1999,Conflict & terrorism,761001.0
850,2000,Conflict & terrorism,593505.0
851,2001,Conflict & terrorism,291052.0
852,2002,Conflict & terrorism,309397.0
853,2003,Conflict & terrorism,267204.0
854,2004,Conflict & terrorism,264650.0
855,2005,Conflict & terrorism,185107.0
856,2006,Conflict & terrorism,246752.0
857,2007,Conflict & terrorism,252160.0
858,2008,Conflict & terrorism,260671.0
859,2009,Conflict & terrorism,305381.0
860,2010,Conflict & terrorism,223637.0
861,2011,Conflict & terrorism,415324.0
862,2012,Conflict & terrorism,461283.0
863,2013,Conflict & terrorism,483634.0
864,2014,Conflict & terrorism,768092.0
865,2015,Conflict & terrorism,565125.0
866,2016,Conflict & terrorism,650269.0
867,2017,Conflict & terrorism,543389.0
868,1990,Diabetes mellitus,2905661.0
869,1991,Diabetes mellitus,2997767.0
870,1992,Diabetes mellitus,3103143.0
871,1993,Diabetes mellitus,3224942.0
872,1994,Diabetes mellitus,3334659.0
873,1995,Diabetes mellitus,3449212.0
874,1996,Diabetes mellitus,3566151.0
875,1997,Diabetes mellitus,3692778.0
876,1998,Diabetes mellitus,3812150.0
877,1999,Diabetes mellitus,3930766.0
878,2000,Diabetes mellitus,4047824.0
879,2001,Diabetes mellitus,4165422.0
880,2002,Diabetes mellitus,4313474.0
881,2003,Diabetes mellitus,4455114.0
882,2004,Diabetes mellitus,4532807.0
883,2005,Diabetes mellitus,4658873.0
884,2006,Diabetes mellitus,4720645.0
885,2007,Diabetes mellitus,4802747.0
886,2008,Diabetes mellitus,4932634.0
887,2009,Diabetes mellitus,5046669.0
888,2010,Diabetes mellitus,5164741.0
889,2011,Diabetes mellitus,5315303.0
890,2012,Diabetes mellitus,5490294.0
891,2013,Diabetes mellitus,5647764.0
892,2014,Diabetes mellitus,5862881.0
893,2015,Diabetes mellitus,6099275.0
894,2016,Diabetes mellitus,6317426.0
895,2017,Diabetes mellitus,6424232.0
896,1990,Poisonings,373524.0
897,1991,Poisonings,376135.0
898,1992,Poisonings,384193.0
899,1993,Poisonings,397061.0
900,1994,Poisonings,402113.0
901,1995,Poisonings,399848.0
902,1996,Poisonings,391914.0
903,1997,Poisonings,383156.0
904,1998,Poisonings,376950.0
905,1999,Poisonings,379355.0
906,2000,Poisonings,386187.0
907,2001,Poisonings,387441.0
908,2002,Poisonings,388196.0
909,2003,Poisonings,388072.0
910,2004,Poisonings,389699.0
911,2005,Poisonings,391684.0
912,2006,Poisonings,380334.0
913,2007,Poisonings,374097.0
914,2008,Poisonings,375849.0
915,2009,Poisonings,372619.0
916,2010,Poisonings,372563.0
917,2011,Poisonings,367181.0
918,2012,Poisonings,363575.0
919,2013,Poisonings,361185.0
920,2014,Poisonings,359229.0
921,2015,Poisonings,359170.0
922,2016,Poisonings,355670.0
923,2017,Poisonings,349507.0
